{
  "Develhope - HTML & CSS.md": {
    "shared_datetime": "2022-12-12T13:00:40.653Z",
    "updated_datetime": null,
    "expire_datetime": "2023-01-11T13:00:40.531Z",
    "view_url": "https://noteshare.space/note/clbksz2e31474401mdov9vn8l0#gYpUc5IKgbCitNQIeXbf+zkT36htuj1HilN/2epPmA0",
    "secret_token": "j+DRGNo0/NFtZd5HvAUMqHYe1nmkEpSbAKdB9tC+wxo=",
    "note_id": "clbksz2e31474401mdov9vn8l0",
    "basename": "Develhope - HTML & CSS",
    "deleted_from_server": true
  },
  "Develhope - Git.md": {
    "shared_datetime": "2022-12-12T13:40:14.713Z",
    "updated_datetime": null,
    "expire_datetime": "2023-01-11T13:40:14.622Z",
    "view_url": "https://noteshare.space/note/clbkudy901485301mddsgcr3ng#pJAIG3MulZ6EDKRy4JhSjpmXKNj47pb4fGvx1N9WptY",
    "secret_token": "SdwjGVnNMw0MzgukndnGRzaTIS+lt3/Os1dfkzWaJ/c=",
    "note_id": "clbkudy901485301mddsgcr3ng",
    "basename": "Develhope - Git",
    "deleted_from_server": true
  },
  "HTML Tags & Attributes Reference Tables.md": {
    "shared_datetime": "2022-12-14T00:29:50.754Z",
    "updated_datetime": null,
    "expire_datetime": "2023-01-13T00:29:50.615Z",
    "view_url": "https://noteshare.space/note/clbmx16zk1762601md2qjiuwss#Aaknkn2dUi1MkWobx6hm5lxOtzqtyyhtGTB3xkdEy44",
    "secret_token": "q5PfnfJkf0IHVtMMSPS/ttksNjHwzWpcU+mryw8Xm50=",
    "note_id": "clbmx16zk1762601md2qjiuwss",
    "basename": "HTML Tags & Attributes Reference Tables"
  }
}