{
  "main": {
    "id": "6f3dd113832b1022",
    "type": "split",
    "children": [
      {
        "id": "98e4de1fdfa19ade",
        "type": "tabs",
        "children": [
          {
            "id": "59167aa25981c044",
            "type": "leaf",
            "state": {
              "type": "empty",
              "state": {}
            }
          },
          {
            "id": "36a9f102e93ec763",
            "type": "leaf",
            "state": {
              "type": "markdown",
              "state": {
                "file": "HTML Tags & Attributes Reference Tables.md",
                "mode": "preview",
                "backlinks": false,
                "source": false
              }
            }
          }
        ]
      }
    ],
    "direction": "vertical"
  },
  "left": {
    "id": "b9ae523e7ec06069",
    "type": "split",
    "children": [
      {
        "id": "c39d45758b2d5ec4",
        "type": "tabs",
        "children": [
          {
            "id": "32599137a352864f",
            "type": "leaf",
            "state": {
              "type": "file-explorer",
              "state": {
                "sortOrder": "alphabetical"
              }
            }
          },
          {
            "id": "af07d51bdad5e303",
            "type": "leaf",
            "state": {
              "type": "search",
              "state": {
                "query": "",
                "matchingCase": false,
                "explainSearch": false,
                "collapseAll": false,
                "extraContext": false,
                "sortOrder": "alphabetical"
              }
            }
          },
          {
            "id": "c2db42b410a0a0bb",
            "type": "leaf",
            "state": {
              "type": "starred",
              "state": {}
            }
          }
        ]
      }
    ],
    "direction": "horizontal",
    "width": 300
  },
  "right": {
    "id": "393cb4e91fb5b8eb",
    "type": "split",
    "children": [
      {
        "id": "b004c2a43a133b2f",
        "type": "tabs",
        "children": [
          {
            "id": "ce3f435455e87768",
            "type": "leaf",
            "state": {
              "type": "backlink",
              "state": {
                "collapseAll": false,
                "extraContext": false,
                "sortOrder": "alphabetical",
                "showSearch": false,
                "searchQuery": "",
                "backlinkCollapsed": false,
                "unlinkedCollapsed": true
              }
            }
          },
          {
            "id": "33c714b9aacb3195",
            "type": "leaf",
            "state": {
              "type": "tag",
              "state": {
                "sortOrder": "frequency",
                "useHierarchy": true
              }
            }
          },
          {
            "id": "42b7aaafbcda064b",
            "type": "leaf",
            "state": {
              "type": "outline",
              "state": {}
            }
          },
          {
            "id": "350fa0983cc78a97",
            "type": "leaf",
            "state": {
              "type": "advanced-tables-toolbar",
              "state": {}
            }
          },
          {
            "id": "6e3c1e894208e7bd",
            "type": "leaf",
            "state": {
              "type": "QUICKSHARE_SIDE_VIEW",
              "state": {}
            }
          },
          {
            "id": "838759ced395e3b1",
            "type": "leaf",
            "state": {
              "type": "outgoing-link",
              "state": {
                "linksCollapsed": false,
                "unlinkedCollapsed": true
              }
            }
          }
        ],
        "currentTab": 5
      }
    ],
    "direction": "horizontal",
    "width": 347.5
  },
  "active": "59167aa25981c044",
  "lastOpenFiles": [
    "Pasted image 20221212062021.png",
    "Develhope - HTML & CSS.md",
    "HTML Tags & Attributes Reference Tables.md",
    "Develhope - Git.md",
    "Develhope (Human Development) - Motivation.md",
    "Pasted image 20221204195934.png",
    "Android Syntax.md"
  ]
}